Galaxy,Q,Rdisk_kpc,Vflat_kms,Inc_deg,D_Mpc,L36_1e9solLum,MHI_1e9solMass,N_total,N_invalid_total,N_outer_raw,N_outer_valid,outer_radius_threshold_kpc,outer_slope_ols,outer_slope_stderr,outer_slope_weighted,intercept_log10,weighted_intercept_log10,flatness_abs,stability_index_log10,rvalue_loglog,pvalue_loglog,accepted_main,exclusion_reason_primary,exclusion_reasons_all
F561-1,3,2.79,50.0,24.0,66.4,4.077,1.622,6,0,2,2,6.975,0.0,0.0,-5.484993412137877e-15,1.7024305364455252,1.7024305364455312,0.0,0.0,,1.0,False,Q3_low_quality,Q3_low_quality|insufficient_outer_points
F563-V1,3,3.79,0.0,60.0,54.0,1.54,0.61,6,0,0,0,9.475,,,,,,,,,,False,Q3_low_quality,Q3_low_quality|insufficient_outer_points
F567-2,3,3.08,0.0,20.0,79.0,2.134,2.449,5,0,1,1,7.7,,,,,,,,,,False,Q3_low_quality,Q3_low_quality|insufficient_outer_points
F574-2,3,3.76,0.0,30.0,89.1,2.877,1.701,5,0,1,1,9.399999999999999,,,,,,,,,,False,Q3_low_quality,Q3_low_quality|insufficient_outer_points
NGC1705,3,0.39,71.9,80.0,5.73,0.533,0.139,14,0,12,12,0.9750000000000001,-0.013591272648041386,0.0037950447256295205,-0.019841564368427773,1.863470715600603,1.8665980956391555,0.013591272648041386,0.0027734953447337576,-0.7496001479055769,0.005000709807700849,False,Q3_low_quality,Q3_low_quality
NGC2366,3,0.65,50.2,68.0,3.27,0.236,0.647,26,0,19,19,1.625,0.19717240376264866,0.038971233554739734,0.2629163610791379,1.57192300862082,1.5452399249300164,0.19717240376264866,0.02595583061859794,0.7751897080591885,9.678294968312008e-05,False,Q3_low_quality,Q3_low_quality
NGC4389,3,2.79,0.0,50.0,18.0,21.328,0.539,6,0,0,0,6.975,,,,,,,,,,False,Q3_low_quality,Q3_low_quality|insufficient_outer_points
PGC51017,3,0.53,18.6,66.0,13.6,0.155,0.201,6,0,4,4,1.3250000000000002,-0.07529036709119485,0.018040136960240684,-0.07995300907685043,1.3009345358444206,1.30236083722939,0.07529036709119485,0.0037684028455417214,-0.9471024066156517,0.05289759338434832,False,Q3_low_quality,Q3_low_quality|insufficient_outer_points
UGC02455,3,0.99,0.0,51.0,6.92,3.649,0.803,8,0,4,4,2.475,0.9705429923141965,0.09541085543425373,0.993778681919824,1.1926784111230528,1.1810088554365716,0.9705429923141965,0.011840296485601634,0.9904736736774006,0.009526326322599423,False,Q3_low_quality,Q3_low_quality|insufficient_outer_points
UGC04305,3,1.16,34.5,40.0,3.45,0.736,0.69,22,0,11,11,2.9,0.13124686539080938,0.06810440041719841,0.13166762507396873,1.441491671058461,1.442516891434118,0.13124686539080938,0.017740742837431774,0.540473943090581,0.08606587249210805,False,Q3_low_quality,Q3_low_quality
UGC06973,3,1.07,174.2,71.0,18.0,53.87,1.753,9,0,7,7,2.6750000000000003,0.07366545602426977,0.013972502015109757,0.06388045851100693,2.18536692898974,2.1918673946988365,0.07366545602426977,0.0039940494115203165,0.9206201822396926,0.003265925102280565,False,Q3_low_quality,Q3_low_quality|insufficient_outer_points
UGCA281,3,1.72,0.0,67.0,5.68,0.194,0.062,7,0,0,0,4.3,,,,,,,,,,False,Q3_low_quality,Q3_low_quality|insufficient_outer_points
CamB,2,0.47,0.0,65.0,3.36,0.075,0.012,9,0,3,3,1.1749999999999998,0.8170110994450813,0.056018769726121055,0.8267699769433187,1.0939939604097761,1.0923271318853012,0.8170110994450813,0.004663959771385697,0.9976576422473622,0.04358193846706293,False,insufficient_outer_points,insufficient_outer_points
D512-2,2,1.24,0.0,56.0,15.2,0.325,0.081,4,0,1,1,3.1,,,,,,,,,,False,insufficient_outer_points,insufficient_outer_points
D564-8,2,0.61,0.0,63.0,8.79,0.033,0.029,6,0,4,4,1.525,0.3437520797606868,0.021434603474177517,0.34341553717241724,1.23438707779989,1.234687492173895,0.3437520797606868,0.003957339102462636,0.9961344051426887,0.0038655948573113044,False,insufficient_outer_points,insufficient_outer_points
DDO064,1,0.69,46.1,60.0,6.8,0.157,0.211,14,0,5,5,1.7249999999999999,0.027555362826037308,0.00850782760194496,0.02095367438472289,1.657169593345665,1.659347639209556,0.027555362826037308,0.0011028553442328402,0.8818235734731551,0.047893647865150386,False,insufficient_outer_points,insufficient_outer_points
DDO168,2,1.02,53.4,63.0,4.25,0.191,0.413,10,0,4,4,2.55,-0.0313637713623202,0.12464117708650163,0.015411752327517337,1.7466158799211335,1.7215441124470545,0.0313637713623202,0.011686987858811277,-0.1751796109910979,0.8248203890089021,False,insufficient_outer_points,insufficient_outer_points
DDO170,2,1.95,60.0,66.0,15.4,0.543,0.735,8,0,5,5,4.875,0.15055576944314186,0.02247258710651487,0.15478688286126618,1.6268129318621176,1.623174027762503,0.15055576944314186,0.004428651488388943,0.9681674448216044,0.006785103503025063,False,insufficient_outer_points,insufficient_outer_points
ESO079-G014,1,5.08,175.0,79.0,28.7,51.733,3.14,15,0,3,3,12.7,0.07732746168198888,0.011273145408398622,0.07675680938287432,2.1562693893167877,2.156916592195477,0.07732746168198888,0.0005424496761996616,0.9895398800875498,0.09216005915491664,False,insufficient_outer_points,insufficient_outer_points
ESO444-G084,2,0.46,0.0,32.0,4.83,0.071,0.135,7,0,5,5,1.1500000000000001,0.2326366710997263,0.03772271501157629,0.27558393377884277,1.6636278369632802,1.6530100510240462,0.2326366710997263,0.013928684902704736,0.9627494666039689,0.008582048517158936,False,insufficient_outer_points,insufficient_outer_points
F563-V2,1,2.43,116.6,29.0,59.7,2.986,2.169,10,0,4,4,6.075,0.059801638858166875,0.006607361628677669,0.06776022907493887,2.011353971755941,2.0038959093784423,0.059801638858166875,0.000548452501308075,0.9880114935788471,0.011988506421152898,False,insufficient_outer_points,insufficient_outer_points
F565-V2,2,2.17,0.0,60.0,51.8,0.559,0.699,7,0,3,3,5.425,0.3655114241942569,0.0015535477144681762,0.3658274175676874,1.574311209320899,1.5740095632013424,0.3655114241942569,0.00011339809148869208,0.9999909674286299,0.0027058339938855866,False,insufficient_outer_points,insufficient_outer_points
F568-1,1,5.18,0.0,26.0,90.7,6.252,4.498,12,0,1,1,12.95,,,,,,,,,,False,insufficient_outer_points,insufficient_outer_points
F568-3,1,4.99,0.0,40.0,82.4,8.346,3.195,18,0,3,3,12.475000000000001,0.46348396710880574,0.1400753250100404,0.4634839671088034,1.5021142030174148,1.5021142030174177,0.46348396710880574,0.007568263898381694,0.9572387323902022,0.18684447725928074,False,insufficient_outer_points,insufficient_outer_points
F568-V1,1,2.85,112.3,40.0,80.6,3.825,2.491,15,0,6,6,7.125,0.05920054927914698,0.02143231878387457,0.05711904034702068,1.993333427920237,1.9963278650170746,0.05920054927914698,0.005798128808507147,0.8099728347196558,0.05073451410646778,False,insufficient_outer_points,insufficient_outer_points
F571-8,1,3.56,139.7,85.0,53.3,10.164,1.782,13,0,3,3,8.9,0.12051983234318156,0.03152251545267703,0.12276791642420751,2.016108341939076,2.0139751430586963,0.12051983234318156,0.0035557479818929096,0.9674552026819546,0.16286240104535823,False,insufficient_outer_points,insufficient_outer_points
F571-V1,2,2.47,83.6,30.0,80.1,1.849,1.217,7,0,4,4,6.175000000000001,0.1568108126522892,0.05406575442948665,0.15265069531689812,1.7532428236031226,1.7577165797956744,0.1568108126522892,0.007981567875861002,0.8988419660211578,0.10115803397884215,False,insufficient_outer_points,insufficient_outer_points
F574-1,1,4.46,97.8,65.0,96.8,6.537,3.524,14,0,2,2,11.15,0.030611524245375252,0.0,0.030611524245384807,1.9650111386908926,1.9650111386908824,0.030611524245375252,0.0,1.0,0.0,False,insufficient_outer_points,insufficient_outer_points
F579-V1,1,3.37,112.1,26.0,89.5,11.848,2.245,14,0,4,4,8.425,0.015737317468599042,0.009627856371345198,0.01740027468671971,2.0391693572446408,2.0374980477606797,0.015737317468599042,0.001251799107407368,0.7562397116385132,0.24376028836148678,False,insufficient_outer_points,insufficient_outer_points
F583-1,1,2.36,85.8,63.0,35.4,0.986,2.126,25,0,7,7,5.8999999999999995,0.16944498835122712,0.03106713694999023,0.18205087030116304,1.7391238791116344,1.7255969061340406,0.16944498835122712,0.012354835396488068,0.9252599838688379,0.0028165829594657137,False,insufficient_outer_points,insufficient_outer_points
F583-4,1,1.93,0.0,55.0,53.3,1.715,0.641,12,0,6,6,4.825,0.35307386758675413,0.06948612871659363,0.32575309482178794,1.5341083372042639,1.556291512399196,0.35307386758675413,0.00914932112031295,0.9305139094008649,0.007074724751284066,False,insufficient_outer_points,insufficient_outer_points
KK98-251,2,1.34,33.7,59.0,6.8,0.085,0.115,15,0,0,0,3.35,,,,,,,,,,False,insufficient_outer_points,insufficient_outer_points
NGC0024,1,1.34,106.3,64.0,7.3,3.889,0.676,29,0,4,4,3.35,0.12659454423388908,0.01304248323675016,0.12425267494694527,1.909191639848511,1.9108852885194574,0.12659454423388908,0.0016114851982721604,0.9895517780002998,0.010448221999700191,False,insufficient_outer_points,insufficient_outer_points
NGC0055,2,6.11,85.6,77.0,2.11,4.628,1.565,21,0,0,0,15.275,,,,,,,,,,False,insufficient_outer_points,insufficient_outer_points
NGC0801,1,8.72,220.1,80.0,80.7,312.57,23.201,13,0,6,6,21.8,-0.03199621615283613,0.013186421554082076,-0.03948911175677469,2.389501472242401,2.402530879912874,0.03199621615283613,0.0037945387828663547,-0.7716577505805743,0.07225737098405559,False,insufficient_outer_points,insufficient_outer_points
NGC2955,1,18.76,0.0,56.0,97.9,319.422,28.949,24,0,0,0,46.900000000000006,,,,,,,,,,False,insufficient_outer_points,insufficient_outer_points
NGC2976,2,1.01,85.4,61.0,3.58,3.371,0.172,27,0,0,0,2.525,,,,,,,,,,False,insufficient_outer_points,insufficient_outer_points
NGC2998,1,6.2,209.9,58.0,68.1,150.902,23.451,13,0,6,6,15.5,-0.030781629669418505,0.025962763876446197,-0.035284565614979994,2.369734194348906,2.3782379863357885,0.030781629669418505,0.007416645507409373,-0.5099365967308874,0.3013958711933776,False,insufficient_outer_points,insufficient_outer_points
NGC3877,2,2.53,168.4,76.0,18.0,72.535,1.483,13,0,6,6,6.324999999999999,0.0256387522687058,0.021089972365829445,0.03685967999401571,2.2046425775267826,2.1943752304083186,0.0256387522687058,0.003328345975453301,0.5194147405508117,0.29094477501328325,False,insufficient_outer_points,insufficient_outer_points
NGC3893,1,2.38,174.0,49.0,18.0,58.525,5.799,10,0,7,7,5.949999999999999,-0.10711187925211754,0.02998496735009622,-0.0752865009691967,2.3763578573680184,2.3442232826774014,0.10711187925211754,0.010679618004840742,-0.8476299855627707,0.016006609362314864,False,insufficient_outer_points,insufficient_outer_points
NGC3949,2,3.59,163.0,55.0,18.0,38.067,3.371,7,0,0,0,8.975,,,,,,,,,,False,insufficient_outer_points,insufficient_outer_points
NGC3953,1,4.89,220.8,62.0,18.0,141.301,2.832,8,0,2,2,12.225,-0.34863769161955366,0.0,-0.3486376916195584,2.7491811503847305,2.7491811503847363,0.34863769161955366,0.0,-1.0,0.0,False,insufficient_outer_points,insufficient_outer_points
NGC3972,1,2.18,132.7,77.0,18.0,14.353,1.214,10,0,4,4,5.45,0.24733686768399643,0.06473295225719916,0.240470889913023,1.9002414683452362,1.9062081253316963,0.24733686768399643,0.00608846426167225,0.9378228698867529,0.0621771301132471,False,insufficient_outer_points,insufficient_outer_points
NGC4010,2,2.81,125.8,89.0,18.0,17.193,2.832,12,0,4,4,7.025,-0.19880033900187907,0.013623392540353363,-0.19902058357189878,2.2892729836146866,2.2894675929502,0.19880033900187907,0.0010381076546509779,-0.9953367342850923,0.004663265714907716,False,insufficient_outer_points,insufficient_outer_points
NGC4051,2,4.65,157.0,49.0,18.0,95.268,2.697,7,0,1,1,11.625,,,,,,,,,,False,insufficient_outer_points,insufficient_outer_points
NGC4068,2,0.59,0.0,44.0,4.37,0.236,0.154,6,0,3,3,1.4749999999999999,0.7049350944524402,0.028465969391831245,0.68477933461078,1.3614314282491844,1.3653523744133897,0.7049350944524402,0.0028124240432181274,0.999185684005986,0.025693370454198713,False,insufficient_outer_points,insufficient_outer_points
NGC4085,2,1.65,131.5,82.0,18.0,21.724,1.349,7,0,3,3,4.125,0.13582212319531778,0.005141865297649323,0.13423456120849747,2.025684362512434,2.0267282688033745,0.13582212319531778,0.0003706602348306243,0.9992841799569729,0.024089232198213947,False,insufficient_outer_points,insufficient_outer_points
NGC4138,2,1.51,147.3,53.0,18.0,44.111,1.483,7,0,6,6,3.775,-0.2443673382755741,0.040271893346887626,-0.27018455268533664,2.464675624530297,2.486655487978829,0.2443673382755741,0.01657319678309021,-0.9497412810849996,0.0037254330157147717,False,insufficient_outer_points,insufficient_outer_points
NGC5005,1,9.45,262.2,68.0,16.9,178.72,1.28,18,0,0,0,23.625,,,,,,,,,,False,insufficient_outer_points,insufficient_outer_points
NGC6195,1,13.94,251.7,62.0,127.8,391.076,20.907,23,0,1,1,34.85,,,,,,,,,,False,insufficient_outer_points,insufficient_outer_points
NGC6789,2,0.31,0.0,43.0,3.52,0.1,0.017,4,0,0,0,0.775,,,,,,,,,,False,insufficient_outer_points,insufficient_outer_points
UGC00191,1,1.58,0.0,45.0,17.1,2.004,1.343,9,0,3,3,3.95,0.1292482924329603,0.005042109590159771,0.12891333509521083,1.7948789151587192,1.795507078979969,0.1292482924329603,0.0007666114119769842,0.9992399370177425,0.024822608799579548,False,insufficient_outer_points,insufficient_outer_points
UGC00634,2,2.45,0.0,37.0,30.9,2.989,3.663,4,0,3,3,6.125,0.1451913218342807,0.07318730001324915,0.1724753913947274,1.856552662952766,1.8328618628855522,0.1451913218342807,0.011059726625642722,0.8929669560278467,0.29723917674354755,False,insufficient_outer_points,insufficient_outer_points
UGC00731,1,2.3,73.3,57.0,12.5,0.323,1.807,12,0,6,6,5.75,0.14458560060900033,0.040083025805728784,0.15737005754448488,1.725390178286797,1.7141084336352954,0.14458560060900033,0.007010475009989383,0.8745659827981902,0.022613768868480693,False,insufficient_outer_points,insufficient_outer_points
UGC00891,2,1.43,0.0,60.0,10.2,0.374,0.428,5,0,3,3,3.5749999999999997,0.323976215672325,0.027491378508550417,0.33061222795083134,1.5250508389642699,1.5213636181683006,0.323976215672325,0.003037663767681604,0.9964190429473228,0.05389200747470645,False,insufficient_outer_points,insufficient_outer_points
UGC01230,1,4.34,103.7,22.0,53.7,7.62,6.43,11,0,5,5,10.85,-0.08054267266840898,0.021043177789753693,-0.08288214257716774,2.1365973211516707,2.13990731696429,0.08054267266840898,0.007207841426382942,-0.9110574432008618,0.031413600932510256,False,insufficient_outer_points,insufficient_outer_points
UGC01281,1,1.63,55.2,90.0,5.27,0.353,0.294,25,0,3,3,4.074999999999999,0.1293024891312238,0.007760172683654863,0.12920773968597513,1.6650177323245712,1.6650808166893447,0.1293024891312238,0.0002786469768817365,0.9982039115077346,0.03816137460582659,False,insufficient_outer_points,insufficient_outer_points
UGC02023,2,1.55,0.0,19.0,10.4,1.308,0.477,5,0,0,0,3.875,,,,,,,,,,False,insufficient_outer_points,insufficient_outer_points
UGC02259,2,1.62,86.2,41.0,10.5,1.725,0.494,8,0,5,5,4.050000000000001,0.12550403166862487,0.014844171914148115,0.1173040088085923,1.8380500843199492,1.8435718970317723,0.12550403166862487,0.0030589271935877642,0.9796542293558209,0.003473083416828451,False,insufficient_outer_points,insufficient_outer_points
UGC04278,1,2.21,91.4,90.0,9.51,1.307,1.116,25,0,5,5,5.525,0.5460558706994564,0.004436466169293779,0.5452417390871536,1.5165357346577777,1.517019685730263,0.5460558706994564,0.00023397192951155,0.9999010018791968,1.1824092931578071e-06,False,insufficient_outer_points,insufficient_outer_points
UGC04325,1,1.86,90.9,41.0,9.6,2.026,0.678,8,0,2,2,4.65,-0.09738989498018956,0.0,-0.0973898949801859,2.034211451543461,2.0342114515434577,0.09738989498018956,0.0,-1.0,0.0,False,insufficient_outer_points,insufficient_outer_points
UGC04483,2,0.18,0.0,58.0,3.34,0.013,0.032,8,0,5,5,0.44999999999999996,0.2432608773180803,0.05260187564722501,0.22308736970150175,1.3690073103351843,1.3671750707193953,0.2432608773180803,0.011764938191613828,0.9364730124552376,0.01903658295126754,False,insufficient_outer_points,insufficient_outer_points
UGC04499,1,1.73,72.8,50.0,12.5,1.552,1.1,9,0,5,5,4.325,0.17315532211094287,0.028821856061708104,0.16969505453373623,1.7168868172440754,1.7197048248872724,0.17315532211094287,0.005032844960640737,0.960864561019867,0.009238962060780846,False,insufficient_outer_points,insufficient_outer_points
UGC05005,1,3.2,98.9,41.0,53.7,4.1,3.093,11,0,6,6,8.0,0.28631452428821025,0.04294230607800263,0.25187920582712003,1.6061512303746701,1.6528268225910627,0.28631452428821025,0.017734844252978707,0.9578352575927244,0.002629316632938824,False,insufficient_outer_points,insufficient_outer_points
UGC05414,1,1.47,0.0,55.0,9.4,1.123,0.574,6,0,1,1,3.675,,,,,,,,,,False,insufficient_outer_points,insufficient_outer_points
UGC05750,1,3.46,0.0,64.0,58.7,3.336,1.099,11,0,3,3,8.65,0.06627077028092454,0.04709138094176639,0.06094464795954311,1.8092937232289956,1.8161916543472878,0.06627077028092454,0.009520274660311835,0.8151556974497103,0.39330266879560144,False,insufficient_outer_points,insufficient_outer_points
UGC05764,2,1.17,0.0,60.0,7.47,0.085,0.163,10,0,2,2,2.925,-0.019112775650574256,0.0,-0.019112775650587454,1.7087790171860435,1.7087790171860509,0.019112775650574256,0.0,-0.9999999999999998,0.0,False,insufficient_outer_points,insufficient_outer_points
UGC05829,2,1.99,0.0,34.0,8.64,0.564,1.023,11,0,4,4,4.975,0.5676244785679555,0.03779779556893295,0.5687240212197474,1.3604722286858335,1.3596531933388987,0.5676244785679555,0.003180225815159867,0.9955951229132874,0.004404877086712555,False,insufficient_outer_points,insufficient_outer_points
UGC05918,2,1.66,0.0,46.0,7.66,0.233,0.297,8,0,1,1,4.1499999999999995,,,,,,,,,,False,insufficient_outer_points,insufficient_outer_points
UGC05999,2,3.22,0.0,22.0,47.7,3.384,2.022,5,0,3,3,8.05,0.21210527345111926,0.022835341549048746,0.2110357846946611,1.7449876508238191,1.746208024485391,0.21210527345111926,0.0022267648749609665,0.9942545155834356,0.06827576921313103,False,insufficient_outer_points,insufficient_outer_points
UGC06399,1,2.05,85.0,75.0,18.0,2.296,0.674,9,0,4,4,5.125,0.134722948435574,0.015989495291597367,0.13428535607640857,1.8203185016654706,1.8207394380407529,0.134722948435574,0.0017091910328009058,0.9862048452807688,0.013795154719231205,False,insufficient_outer_points,insufficient_outer_points
UGC06628,2,2.82,41.8,20.0,15.1,3.739,1.5,7,0,1,1,7.05,,,,,,,,,,False,insufficient_outer_points,insufficient_outer_points
UGC06667,1,5.15,83.8,89.0,18.0,1.397,0.809,9,0,0,0,12.875,,,,,,,,,,False,insufficient_outer_points,insufficient_outer_points
UGC06818,2,1.39,71.2,75.0,18.0,1.588,1.079,8,0,5,5,3.4749999999999996,0.5867979923999789,0.16129007760194178,0.5662467810419911,1.3925194438476634,1.4115155615120265,0.5867979923999789,0.03308419525180835,0.9028993416171811,0.035788073991309226,False,insufficient_outer_points,insufficient_outer_points
UGC06917,1,2.76,108.7,56.0,18.0,6.832,2.023,11,0,5,5,6.8999999999999995,0.25027931069470793,0.03135636440001021,0.2489319986215573,1.7906782220096913,1.7915499448674932,0.25027931069470793,0.0037813721323485525,0.9772555090887496,0.004103561543659373,False,insufficient_outer_points,insufficient_outer_points
UGC06923,2,1.44,79.6,65.0,18.0,2.89,0.809,6,0,3,3,3.5999999999999996,0.10159041095483917,0.026653914973029602,0.09922604404802998,1.8353950093020217,1.8371250921523303,0.10159041095483917,0.0018985892435491871,0.9672626822807261,0.1633460535441365,False,insufficient_outer_points,insufficient_outer_points
UGC06930,1,3.94,107.2,32.0,18.0,8.932,3.237,10,0,5,5,9.85,0.01008473573610105,0.0192572145681354,0.013835294834444165,2.021988429383227,2.0180957800036308,0.01008473573610105,0.0027218592351707324,0.2894111936816701,0.6367209143980243,False,insufficient_outer_points,insufficient_outer_points
UGC07089,2,2.26,0.0,80.0,18.0,3.585,1.214,12,0,6,6,5.6499999999999995,0.33563767573094483,0.062333690017028626,0.3541984990849807,1.5727621701978611,1.555330391390822,0.33563767573094483,0.008738650712591969,0.93742348739257,0.005751210717549364,False,insufficient_outer_points,insufficient_outer_points
UGC07151,1,1.25,73.5,90.0,6.87,2.284,0.616,11,0,5,5,3.125,0.21509077755161954,0.014991277878398091,0.21726469250514147,1.7210501339828443,1.7197201844145833,0.21509077755161954,0.0020282650250658153,0.9927920858150104,0.0007338007613207016,False,insufficient_outer_points,insufficient_outer_points
UGC07232,2,0.29,0.0,59.0,2.83,0.113,0.046,4,0,1,1,0.725,,,,,,,,,,False,insufficient_outer_points,insufficient_outer_points
UGC07261,2,1.2,74.7,30.0,13.1,1.753,1.388,7,0,4,4,3.0,0.1555990833274494,0.02423906663389949,0.15378224532853,1.755275197903978,1.756614680082266,0.1555990833274494,0.0035941863790141374,0.9765819737006204,0.02341802629937961,False,insufficient_outer_points,insufficient_outer_points
UGC07323,1,2.26,0.0,47.0,8.0,4.109,0.722,10,0,1,1,5.6499999999999995,,,,,,,,,,False,insufficient_outer_points,insufficient_outer_points
UGC07399,1,1.64,103.0,55.0,8.43,1.156,0.745,10,0,4,4,4.1,0.25264726158752804,0.005697640046120058,0.2517629820650925,1.8258560852873007,1.8264848924749226,0.25264726158752804,0.0005342140424524111,0.9994918058401197,0.0005081941598803483,False,insufficient_outer_points,insufficient_outer_points
UGC07524,1,3.46,79.5,46.0,4.74,2.436,1.779,31,0,6,6,8.65,0.08988615029688565,0.1608310168263357,0.029585718266347108,1.8194427862604974,1.8773520420597376,0.08988615029688565,0.00919930662462157,0.2691322928055347,0.6060484816142172,False,insufficient_outer_points,insufficient_outer_points
UGC07559,2,0.58,0.0,61.0,4.97,0.109,0.169,7,0,3,3,1.45,0.22891530120003187,0.011457233915240879,0.22840460468110516,1.414761617171539,1.4149341745961852,0.22891530120003187,0.0008483262614630064,0.9987498419581045,0.03183631809671058,False,insufficient_outer_points,insufficient_outer_points
UGC07577,2,0.9,0.0,63.0,2.59,0.045,0.044,9,0,0,0,2.25,,,,,,,,,,False,insufficient_outer_points,insufficient_outer_points
UGC07608,1,1.5,0.0,25.0,8.21,0.264,0.535,8,0,2,2,3.75,0.36375470670125803,0.0,0.36375470670125476,1.5935881393550129,1.5935881393550149,0.36375470670125803,0.0,0.9999999999999998,0.0,False,insufficient_outer_points,insufficient_outer_points
UGC07690,2,0.57,57.4,41.0,8.11,0.858,0.39,7,0,5,5,1.4249999999999998,-0.09407061398264702,0.004167021686228507,-0.09409444072677464,1.805992006528799,1.8060067284382693,0.09407061398264702,0.0010489288150039454,-0.9970696291379698,0.00019033854705308723,False,insufficient_outer_points,insufficient_outer_points
UGC07866,2,0.61,0.0,44.0,4.57,0.124,0.118,7,0,3,3,1.525,0.4861276306190675,0.021714835293865663,0.4881356148149053,1.341172363835232,1.3405769417548732,0.4861276306190675,0.0015525612603250977,0.9990038307140757,0.028418277688174745,False,insufficient_outer_points,insufficient_outer_points
UGC08837,2,1.72,0.0,80.0,7.21,0.501,0.32,8,0,0,0,4.3,,,,,,,,,,False,insufficient_outer_points,insufficient_outer_points
UGC09992,2,1.04,33.6,30.0,10.7,0.336,0.318,5,0,2,2,2.6,0.120545460100719,0.0,0.12054546010071836,1.4641783739147274,1.4641783739147278,0.120545460100719,0.0,1.0,0.0,False,insufficient_outer_points,insufficient_outer_points
UGC10310,1,1.8,71.4,34.0,15.2,1.741,1.196,7,0,3,3,4.5,0.09508414551697322,0.01188246975351125,0.09486896301448353,1.7805563050255226,1.7807347593546998,0.09508414551697322,0.0008734414681209532,0.9922817916598873,0.07914675195921851,False,insufficient_outer_points,insufficient_outer_points
UGC11557,2,2.75,0.0,30.0,24.2,12.101,2.605,12,0,3,3,6.875,0.19433114475704938,0.0014010639108171118,0.19426780444283276,1.7280053188376627,1.7280649622660538,0.19433114475704938,0.0001235657774597701,0.9999740113243523,0.00458974054480871,False,insufficient_outer_points,insufficient_outer_points
UGC11820,1,2.08,0.0,45.0,18.1,0.97,1.977,10,0,5,5,5.2,0.32135262865505176,0.019952434157611727,0.32016377156490583,1.5488906164380662,1.5536780656225153,0.32135262865505176,0.0065139402222911145,0.994267129305069,0.0005206168997336653,False,insufficient_outer_points,insufficient_outer_points
UGC12632,1,2.42,71.7,46.0,9.77,1.301,1.744,15,0,7,7,6.05,0.16350898405004288,0.01847998777153245,0.15785947634850722,1.700570807787627,1.7058811285960447,0.16350898405004288,0.003291184239460036,0.9695181029788965,0.00030649954718317047,False,insufficient_outer_points,insufficient_outer_points
UGCA442,1,1.18,56.4,64.0,4.35,0.14,0.263,8,0,5,5,2.9499999999999997,0.19028987605438985,0.06104286786429789,0.14017721928554006,1.6148699581353223,1.6413897013877834,0.19028987605438985,0.013798311522922276,0.8741324090465752,0.052581200533773735,False,insufficient_outer_points,insufficient_outer_points
