Galaxy,Rgt2.0Rdisk,Rgt2.5Rdisk,Rgt3.0Rdisk,last40pct
CamB,0.8319915338525619,0.8170110994450813,0.9105762754725218,0.8319915338525619
D512-2,-0.1247795388793956,,,-0.1247795388793956
D564-8,0.3437520797606868,0.3437520797606868,0.32715638991181956,0.32715638991181956
D631-7,0.483362819775646,0.483362819775646,0.4615482333807952,0.21049627226503004
DDO064,0.18034627760305832,0.027555362826037308,0.03441700229530992,0.08122320782810154
DDO154,0.4276669720108098,0.4276669720108098,0.34850202485740006,-0.02609346474098172
DDO161,0.40193011306449733,0.3745526813266936,0.3570561917389003,0.17193312157084809
DDO168,0.2350492276099905,-0.0313637713623202,-0.23111545652493004,-0.0313637713623202
DDO170,0.17059864449731918,0.15055576944314186,0.15055576944314186,0.12685190968171273
ESO079-G014,0.12731367836966762,0.07732746168198888,,0.21278075254205703
ESO116-G012,0.22084057706626375,0.10057895350758715,0.08586890209815329,0.06466011109576938
ESO444-G084,0.2326366710997263,0.2326366710997263,0.1949783098313393,0.1266904161096936
ESO563-G021,0.010992709631185968,0.004235009910329337,-0.0028159367799138997,0.011127811783449433
F561-1,0.06149685902476354,0.0,,0.06149685902476354
F563-1,0.17147739131191847,0.17255149550617432,0.021060342520675866,0.13709291586207692
F563-V1,,,,-0.18871687635314016
F563-V2,0.059801638858166875,0.059801638858166875,0.059801638858166875,0.059801638858166875
F565-V2,0.34607373232421,0.3655114241942569,0.3685125657557345,0.3655114241942569
F567-2,0.36615377355774886,,,0.36615377355774886
F568-1,,,,0.23935840354954746
F568-3,0.3920808896874628,0.46348396710880574,0.21023128515735892,0.27364148989163245
F568-V1,0.03695652188440689,0.05920054927914698,0.09516916125841808,0.05920054927914698
F571-8,0.19089680788803368,0.12051983234318156,0.0835644591664043,0.25314202521811746
F571-V1,0.21143456406009456,0.1568108126522892,0.1568108126522892,0.052331486954226535
F574-1,0.07989906141186359,0.030611524245375252,,0.11566036910583867
F574-2,0.4687674352087869,,,0.4687674352087869
F579-V1,0.04553222208211673,0.015737317468599042,0.0,0.04553222208211673
F583-1,0.19959605181777712,0.16944498835122712,0.09252253761805905,0.19959605181777712
F583-4,0.36404781951452714,0.35307386758675413,0.5228685369608712,0.327758204711361
IC2574,0.674879169517548,0.6135379193103089,0.5119834771160792,0.5971392419704987
IC4202,0.0024138436387730255,-0.022362713172656975,-0.02354616663987323,-0.0333126900224268
KK98-251,-0.10112092829087534,,,0.34233423273293506
NGC0024,0.013888594786237265,0.12659454423388908,0.12659454423388908,0.026500433954834094
NGC0055,0.051035956038383054,,,0.03418166136995242
NGC0100,0.2481734878557223,0.22885636057577297,0.25975449390212935,0.29035921490186795
NGC0247,0.30813829379504437,0.1905534643789022,0.1279525424341162,0.22322279480937307
NGC0289,-0.012758832587310186,0.009554673533038746,-0.010303287291602209,-0.22373319852968687
NGC0300,0.14577538777152269,0.17374261515063422,0.18459496935663947,0.13114013645734168
NGC0801,-0.03569479083156134,-0.03199621615283613,-0.04593680725734442,-0.03199621615283613
NGC0891,-0.06926647668677256,-0.0872941811883934,-0.11057283404183428,-0.17304306011840107
NGC1003,0.14278440416797336,0.13003306127471032,0.12073685651818207,0.13033347203782417
NGC1090,-0.04383393276691595,-0.05935896196081668,-0.08426593704356938,-0.07790535178169772
NGC1705,-0.013591272648041386,-0.013591272648041386,-0.017884737495859067,0.005176245118183578
NGC2366,0.3124841630660618,0.19717240376264866,0.15388276866689987,-0.169270771263173
NGC2403,0.13675501584901478,0.1017237345368631,0.07773577957520916,0.07337691586195728
NGC2683,-0.20848836593975179,-0.20848836593975179,-0.23224733162607775,-0.12286749196576717
NGC2841,-0.07636880891091345,-0.08122482368248735,-0.07736559056092715,-0.018108507095866148
NGC2903,-0.1103990953337158,-0.11303054808503797,-0.11754105137390468,-0.12574745779269167
NGC2915,0.14713487485836546,0.09513024475101099,0.09513024475101099,0.2061287163049335
NGC2955,,,,-0.13998651353222452
NGC2976,-0.5021092778861429,,,0.5003260262297318
NGC2998,-0.02273622541664481,-0.030781629669418505,-0.058924524618211446,-0.030781629669418505
NGC3109,0.45533591570903437,0.45050579906975874,0.3344543446863565,0.45050579906975874
NGC3198,0.004214327169979146,-0.01635655678044017,-0.034655107393281266,-0.04097071626810208
NGC3521,-0.04001584162436495,-0.03420928318373773,-0.03374430237429252,-0.0426508910111685
NGC3726,0.05756600744946736,0.03489413165021462,0.05985588515344487,0.21145226170346504
NGC3741,0.3921157969679004,0.3777662324251091,0.3777662324251091,0.29602008968246085
NGC3769,-0.03952246975363085,-0.036581777299054125,-0.023274569198474294,-0.01280385974465275
NGC3877,0.08168048031285871,0.0256387522687058,-0.004298535685288303,0.0256387522687058
NGC3893,-0.09340242472609847,-0.10711187925211754,-0.13325811601048443,-0.28283636152935776
NGC3917,0.09676731822248058,0.05622494967693812,0.01735905764125638,0.014170575922954922
NGC3949,,,,0.16187798501328676
NGC3953,-0.08437965810163829,-0.34863769161955366,,-0.08437965810163829
NGC3972,0.3109382178677553,0.24733686768399643,0.13853864591388165,0.24733686768399643
NGC3992,-0.11742784920048312,-0.11742784920048312,-0.17155227367764708,-0.05982923559526771
NGC4010,0.06943540993909338,-0.19880033900187907,-0.22013486578190816,-0.11437195526759257
NGC4013,-0.07477650181353972,-0.057648908289251746,-0.011998928009952572,0.08226160237473568
NGC4051,-0.04283102462281383,,,-0.15517295925204216
NGC4068,0.7049350944524402,0.7049350944524402,0.7635492616251077,0.7049350944524402
NGC4085,0.12429323856659379,0.13582212319531778,0.14571689331615845,0.13582212319531778
NGC4088,-0.007408030980306475,-0.06342542617075345,-0.07387092662357184,0.046861828746304825
NGC4100,-0.09064865729615403,-0.16698630995564165,-0.19253326528819847,-0.3426718486725316
NGC4138,-0.2443673382755741,-0.2443673382755741,-0.2443673382755741,0.10462123207625956
NGC4157,-0.04822287672154189,-0.06184541739271942,-0.06184541739271942,0.042974166294860866
NGC4183,0.0216413239254099,-0.0006321861682223358,-0.022120883835118982,0.042412173597595845
NGC4214,0.10377817510924234,0.07645246111806202,0.039111113645136725,0.01293388723544115
NGC4217,-0.05577682295191603,-0.11144718786549872,-0.16495075421636418,-0.17940818014769586
NGC4389,,,,0.6937185997389174
NGC4559,0.10584618730743194,0.09172786586460745,0.07776822985069803,-0.06085324844685786
NGC5005,,,,0.01630379307658495
NGC5033,-0.12485592636160082,-0.14858736260415986,-0.17187608415434616,-0.2479556807801628
NGC5055,-0.08731602964120548,-0.109976838700355,-0.12277589343110365,-0.1062553812828622
NGC5371,-0.19040611509813476,-0.20695752981979873,-0.20946289307165541,-0.17836310211889228
NGC5585,0.19541443502434072,0.17574297971125727,0.14411115859120627,0.14411115859120627
NGC5907,-0.07454799720797675,-0.07539158389508076,-0.08096857814163938,0.028754592992572114
NGC5985,-0.018505890186717562,-0.0022664846445345165,-0.055106671369110447,-0.0022664846445345165
NGC6015,0.03846788690392111,0.031683983750159225,0.02950180314333226,-0.09922692383714225
NGC6195,-0.1749023718001243,,,0.007975087733245753
NGC6503,-0.013097627460006941,-0.005406462129468506,-0.0061405246058705365,0.0005229610356268624
NGC6674,-0.10582759099834772,-0.08734121021870798,-0.06879943403522107,0.084139165006029
NGC6789,,,,0.7775174255266689
NGC6946,-0.1142031912753013,-0.13329439873268886,-0.15049613265385822,-0.2573095868523276
NGC7331,-0.016392557348775642,-0.0017658419351395673,0.01971308744876489,0.002371503422607597
NGC7793,-0.007837036329490014,-0.14123480517753953,-0.2797275159778293,-0.007837036329490014
NGC7814,-0.06560710392056564,-0.0659359591501644,-0.061231572981729245,-0.011447037182607592
PGC51017,-0.07529036709119485,-0.07529036709119485,-0.07529036709119485,-0.06251014180034611
UGC00128,0.06124027232867971,0.03399909799088081,0.015107543578659146,0.005082996145668031
UGC00191,0.1292482924329603,0.1292482924329603,0.1292482924329603,0.11073497941748323
UGC00634,0.1451913218342807,0.1451913218342807,0.1451913218342807,-0.016140618650058277
UGC00731,0.19399486047644462,0.14458560060900033,0.07368279926360324,0.07368279926360324
UGC00891,0.421359653314841,0.323976215672325,0.323976215672325,0.26612999623605016
UGC01230,-0.08054267266840898,-0.08054267266840898,-0.08054267266840898,-0.08054267266840898
UGC01281,0.13738014082327082,0.1293024891312238,,0.3117707114856959
UGC02023,,,,0.9270440486268159
UGC02259,0.12550403166862487,0.12550403166862487,0.15618604577665937,0.15618604577665937
UGC02455,0.8792700210949927,0.9705429923141965,1.15049130139995,0.9705429923141965
UGC02487,-0.11641022120309566,-0.11641022120309566,-0.14794063836823176,-0.023604093887739385
UGC02885,0.06086495177817126,0.09452548519295252,0.10196557317425912,0.06968461526675188
UGC02916,-0.14670006156923332,-0.2171071756357316,-0.3014502090841764,-0.11011099762013998
UGC02953,-0.10880568895717006,-0.11651386921642726,-0.11536709394951737,-0.11398909930384947
UGC03205,-0.054191134685040894,-0.04017492911762695,-0.02685557324558123,-0.02685557324558123
UGC03546,-0.05509502449246231,-0.07384387594236035,-0.07923382458063817,-0.07384387594236035
UGC03580,0.16946040111928465,0.15430783847592042,0.15430783847592042,0.16977847605421334
UGC04278,0.656020792605986,0.5460558706994564,,0.6979382211229577
UGC04305,0.051102421546201836,0.13124686539080938,0.2318255721789741,0.2318255721789741
UGC04325,-0.0017127028281711618,-0.09738989498018956,,0.03980671396051037
UGC04483,0.3028522805277413,0.2432608773180803,0.2432608773180803,0.31357638220995554
UGC04499,0.22161214542880323,0.17315532211094287,0.11985696679036367,0.11985696679036367
UGC05005,0.31513954866738914,0.28631452428821025,0.24578484607631113,0.24578484607631113
UGC05253,-0.156025214141339,-0.19066719773753188,-0.20370831703390202,-0.05929691235012409
UGC05414,0.42372651905356096,,,0.4191960417199887
UGC05716,0.21939769625424263,0.21939769625424263,0.19338664110881304,0.02569748641918787
UGC05721,0.09264973635304122,0.0548657070450106,0.011663245332087088,-0.019082495983098396
UGC05750,0.1170587030418923,0.06627077028092454,0.023983787310718842,0.17854795536681067
UGC05764,-0.35865650185613035,-0.019112775650574256,,-0.35865650185613035
UGC05829,0.6130754131334502,0.5676244785679555,0.47566769898553224,0.6130754131334502
UGC05918,0.2651408013051799,,,0.23389185899743598
UGC05986,-0.0033058062971728953,-0.06639072803613777,-0.11838673851201444,-0.2117517023111647
UGC05999,0.2508738936755259,0.21210527345111926,0.21210527345111926,0.15004670713875973
UGC06399,0.19315024893262311,0.134722948435574,0.19661848626252226,0.134722948435574
UGC06446,0.13471616959849264,0.10068552906270267,0.06175159373195347,0.005841695313433286
UGC06614,0.12794332513801843,0.12426291378158064,0.11192281890505018,0.06380020773815018
UGC06628,0.0,,,0.0
UGC06667,,,,0.1455282829990087
UGC06786,-0.034422784280855746,-0.04915869188381734,-0.05651320685143998,-0.01632315251340138
UGC06787,0.09916489781177751,0.16780189183563926,0.16135172371346132,0.014297448484131338
UGC06818,0.5867979923999789,0.5867979923999789,0.2848850721745349,0.2848850721745349
UGC06917,0.20900984961875865,0.25027931069470793,0.3070723228948132,0.25027931069470793
UGC06923,0.10159041095483917,0.10159041095483917,0.1563574955002719,0.10159041095483917
UGC06930,0.06205783151201369,0.01008473573610105,-0.028485514113406336,-0.028485514113406336
UGC06973,0.037091616267668895,0.07366545602426977,0.07366545602426977,0.14500058775081173
UGC06983,0.04207664067597731,-0.024952300416104613,-0.08074374753859428,-0.08074374753859428
UGC07089,0.349276420210192,0.33563767573094483,0.44050909434728386,0.30313628049689645
UGC07125,0.15535082880273357,0.1241630894328502,0.0030226661490883582,0.0030226661490883582
UGC07151,0.2042962108584703,0.21509077755161954,0.2047173356326224,0.21509077755161954
UGC07232,0.7981245820787382,,,0.7981245820787382
UGC07261,0.1592246110517638,0.1555990833274494,0.1555990833274494,0.10670391734642143
UGC07323,0.3296751513650656,,,0.3548567020548031
UGC07399,0.21653045091842762,0.25264726158752804,0.2739072488775688,0.25264726158752804
UGC07524,0.21123908687653892,0.08988615029688565,,0.2143834188979397
UGC07559,0.3658064823065904,0.22891530120003187,0.22891530120003187,0.22891530120003187
UGC07577,,,,0.8949478408408655
UGC07603,0.16903796327803025,0.16903796327803025,0.10476502776519232,0.15092752438901022
UGC07608,0.42393270142668243,0.36375470670125803,,0.47272511326977595
UGC07690,-0.05922711243373187,-0.09407061398264702,-0.09407061398264702,-0.1042060919334415
UGC07866,0.4320911289583044,0.4861276306190675,0.5291286263068138,0.4861276306190675
UGC08286,0.12712960971735776,0.12251286697751745,0.115432070696589,0.0721886066717343
UGC08490,0.038431534148186765,0.02140869019500459,0.01042733184177301,-0.09918118268613255
UGC08550,0.1731851574633782,0.15869915373093274,0.15869915373093274,0.17739624829199516
UGC08699,-0.0076327991702705026,-0.03817861946445659,-0.03067275866166903,-0.03977290816163546
UGC08837,0.22395454854037117,,,0.6561446474608587
UGC09037,0.09701038766574868,0.0639743328523854,-0.009811972917804787,-0.20837151152165265
UGC09133,-0.11779934073835048,-0.11381628467914066,-0.11119333798088663,-0.10758082380826381
UGC09992,0.07432897402895582,0.120545460100719,,0.120545460100719
UGC10310,0.10219569016054758,0.09508414551697322,0.09508414551697322,0.09508414551697322
UGC11455,-0.05062261488845017,-0.09344938363439834,-0.09086599819417734,-0.08669484510266012
UGC11557,0.018719998333628675,0.19433114475704938,0.19154220163078992,0.08277757807969487
UGC11820,0.32135262865505176,0.32135262865505176,0.2879927294215428,0.2879927294215428
UGC11914,0.06223214375620011,0.16169297148924217,0.19912812121778103,0.0455242057446751
UGC12506,-0.07579136488499605,-0.11060457175446814,-0.14860159360659084,-0.20662786603506875
UGC12632,0.1906075175516902,0.16350898405004288,0.1321677091692167,0.14790602061813912
UGC12732,0.2675464418192472,0.2725247493503248,0.2881104238839037,0.38671017524181023
UGCA281,,,,0.18630891940300626
UGCA442,0.19028987605438985,0.19028987605438985,0.07280422445013224,0.07280422445013224
UGCA444,0.4231050645989382,0.5462010636563299,2.6994708496546944,0.4186920898477046
